用户名,评论内容,点赞数量
ccrek,晴天,11840
-乐芙兰,晴天吗,43612
maizimai,我09年的哦,877
贾奴生-Zoe,后来你考上了吗,436
HTOOSREYAZ,打卡,15822
哟西咕咕叽,超级期待周杰伦回来的那天✨✨✨,12675
吹爆辣条,超级期待周杰伦回来的那天✨✨✨,10702
花与麦芽糖,超级期待周杰伦回来的那天✨✨✨,9137
哟西咕咕叽,超级期待周杰伦回来的那天✨✨✨,8433
HTOOSREYAZ,打卡,5095
花与麦芽糖,超级期待周杰伦回来的那天✨✨✨,5999
吹爆辣条,超级期待周杰伦回来的那天✨✨✨,5582
啨天丶Jay,超级期待周杰伦回来的那天✨✨✨,5076
哟西咕咕叽,超级期待周杰伦回来的那天✨✨✨,4782
账号已注销,咦，原来可以评论的呀，哈喽各位杰迷们，你们都上班了没？,8131
哟西咕咕叽,超级期待周杰伦回来的那天✨✨✨,3631
HTOOSREYAZ,打卡,2556
吹爆辣条,超级期待周杰伦回来的那天✨✨✨,3100
花与麦芽糖,超级期待周杰伦回来的那天✨✨✨,2737
JiankunCheng,我预言评论迟早要上千万,3960
哟西咕咕叽,超级期待周杰伦回来的那天✨✨✨,2348
我就是爱西瓜丶,打卡,1621
哟西咕咕叽,超级期待周杰伦回来的那天✨✨✨,1961
吹爆辣条,超级期待周杰伦回来的那天✨✨✨,1818
你又可爱了丷,超级期待周杰伦回来的那天✨✨✨,1659
HTOOSREYAZ,打卡,1215
花与麦芽糖,超级期待周杰伦回来的那天✨✨✨,1498
哟西咕咕叽,超级期待周杰伦回来的那天✨✨✨,1405
ohleaves,2011807 晚安🌙,1003
哟西咕咕叽,超级期待周杰伦回来的那天✨✨✨,1216
哟西咕咕叽,超级期待周杰伦回来的那天✨✨✨,1128
吹爆辣条,超级期待周杰伦回来的那天✨✨✨,1183
哟西咕咕叽,超级期待周杰伦回来的那天✨✨✨,1089
花与麦芽糖,超级期待周杰伦回来的那天✨✨✨,993
鐲赎罪,今天又是无聊的一天，在家一遍一遍的刷着晴天，希望疫情能快点过去，晴天能快点到来，武汉加油，中国加油！,2025
HTOOSREYAZ,打卡,731
小红今天练声了吗,今日此时201w2005,795
哟西咕咕叽,超级期待周杰伦回来的那天✨✨✨,744
Jay沐辰,你的声音是我听过最美的诗……,2104
Jay沐辰,网易周董你们什么时候可以在一起啊……,1914
